"Time","X Axis Acceleration","Y Axis Acceleration","Z Axis Acceleration"
"ms","g","g","g"
"0.000","0.189","0.013","0.994"
"30.000","0.19","0.013","0.994"
"60.000","0.19","0.013","0.993"
"80.000","0.191","0.013","0.993"
"110.000","0.191","0.013","0.993"
"140.000","0.191","0.013","0.993"
"160.000","0.192","0.013","0.992"
"190.000","0.192","0.012","0.992"
"220.000","0.192","0.012","0.992"
"240.000","0.192","0.012","0.993"
"270.000","0.192","0.012","0.993"
"300.000","0.192","0.012","0.993"
"330.000","0.192","0.013","0.993"
"350.000","0.191","0.013","0.993"
"380.000","0.191","0.013","0.993"
"410.000","0.191","0.014","0.994"
"430.000","0.191","0.014","0.995"
"460.000","0.191","0.014","0.995"
"490.000","0.191","0.014","0.996"
"510.000","0.191","0.014","0.996"
"540.000","0.191","0.013","0.996"
"570.000","0.191","0.013","0.996"
"600.000","0.191","0.013","0.996"
"620.000","0.191","0.013","0.997"
"650.000","0.191","0.013","0.997"
"680.000","0.191","0.012","0.997"
"700.000","0.191","0.013","0.997"
"730.000","0.191","0.013","0.997"
"760.000","0.191","0.013","0.997"
"780.000","0.191","0.013","0.997"
"810.000","0.191","0.013","0.997"
"840.000","0.191","0.013","0.996"
"870.000","0.191","0.013","0.996"
"890.000","0.191","0.013","0.996"
"920.000","0.191","0.013","0.995"
"940.000","0.191","0.013","0.995"
"970.000","0.191","0.012","0.995"
"1000.000","0.191","0.012","0.994"
"1030.000","0.191","0.012","0.994"
"1050.000","0.191","0.012","0.994"
"1080.000","0.19","0.012","0.993"
"1110.000","0.19","0.012","0.993"
"1140.000","0.19","0.012","0.993"
"1160.000","0.189","0.012","0.993"
"1190.000","0.189","0.012","0.993"
"1210.000","0.188","0.012","0.993"
"1240.000","0.188","0.012","0.993"
"1270.000","0.187","0.012","0.993"
"1300.000","0.187","0.012","0.993"
"1320.000","0.187","0.012","0.993"
"1350.000","0.187","0.012","0.993"
"1380.000","0.187","0.012","0.993"
"1410.000","0.187","0.012","0.993"
"1430.000","0.187","0.012","0.993"
"1460.000","0.187","0.012","0.993"
"1480.000","0.186","0.012","0.993"
"1510.000","0.186","0.012","0.993"
"1540.000","0.186","0.012","0.993"
"1560.000","0.186","0.012","0.994"
"1590.000","0.186","0.012","0.994"
"1620.000","0.186","0.012","0.994"
"1650.000","0.187","0.012","0.994"
"1680.000","0.187","0.012","0.994"
"1700.000","0.188","0.012","0.994"
"1730.000","0.188","0.012","0.994"
"1750.000","0.188","0.012","0.995"
"1780.000","0.189","0.012","0.995"
"1810.000","0.188","0.012","0.995"
"1830.000","0.188","0.013","0.996"
"1860.000","0.189","0.013","0.996"
"1890.000","0.189","0.013","0.997"
"1920.000","0.189","0.013","0.997"
"1940.000","0.189","0.013","0.997"
"1970.000","0.189","0.013","0.997"
"2000.000","0.189","0.012","0.997"
"2020.000","0.189","0.012","0.997"
"2050.000","0.189","0.012","0.998"
"2080.000","0.188","0.012","0.999"
"2100.000","0.188","0.012","1"
"2130.000","0.188","0.012","1.001"
"2160.000","0.188","0.013","1.001"
"2180.000","0.188","0.014","1.001"
"2210.000","0.188","0.014","1.002"
"2240.000","0.187","0.015","1.002"
"2270.000","0.187","0.015","1.002"
"2290.000","0.187","0.015","1.003"
"2320.000","0.187","0.015","1.003"
"2350.000","0.187","0.015","1.004"
"2370.000","0.187","0.015","1.004"
"2400.000","0.187","0.015","1.004"
"2430.000","0.187","0.014","1.003"
"2450.000","0.188","0.014","1.003"
"2480.000","0.187","0.014","1.003"
"2510.000","0.187","0.014","1.003"
"2540.000","0.187","0.014","1.003"
"2560.000","0.187","0.014","1.002"
"2590.000","0.187","0.014","1.002"
"2620.000","0.187","0.015","1.002"
"2640.000","0.187","0.015","1.001"
"2670.000","0.187","0.015","1.001"
"2700.000","0.187","0.015","1"
"2720.000","0.187","0.015","1"
"2750.000","0.187","0.015","1"
"2780.000","0.187","0.015","0.999"
"2800.000","0.187","0.015","0.999"
"2830.000","0.188","0.016","1.003"
"2860.000","0.187","0.018","1.014"
"2890.000","0.186","0.016","1.023"
"2910.000","0.183","0.009","1.037"
"2940.000","0.18","0.003","1.057"
"2970.000","0.176","0","1.078"
"2990.000","0.174","0.004","1.091"
"3020.000","0.171","0.016","1.111"
"3050.000","0.17","0.026","1.124"
"3070.000","0.171","0.031","1.13"
"3100.000","0.172","0.037","1.135"
"3130.000","0.173","0.04","1.137"
"3160.000","0.173","0.042","1.136"
"3180.000","0.174","0.043","1.135"
"3210.000","0.175","0.044","1.132"
"3240.000","0.176","0.044","1.128"
"3260.000","0.178","0.044","1.123"
"3290.000","0.18","0.045","1.116"
"3320.000","0.179","0.042","1.117"
"3340.000","0.178","0.039","1.118"
"3370.000","0.178","0.038","1.113"
"3400.000","0.178","0.035","1.111"
"3430.000","0.181","0.037","1.116"
"3450.000","0.183","0.039","1.12"
"3480.000","0.186","0.038","1.124"
"3510.000","0.186","0.035","1.145"
"3530.000","0.184","0.029","1.181"
"3560.000","0.183","0.025","1.222"
"3590.000","0.188","0.03","1.243"
"3610.000","0.189","0.033","1.25"
"3640.000","0.189","0.039","1.25"
"3670.000","0.189","0.045","1.249"
"3700.000","0.188","0.05","1.245"
"3720.000","0.187","0.054","1.241"
"3750.000","0.186","0.06","1.235"
"3770.000","0.188","0.065","1.228"
"3800.000","0.19","0.068","1.223"
"3830.000","0.193","0.072","1.216"
"3860.000","0.196","0.075","1.209"
"3880.000","0.199","0.076","1.202"
"3910.000","0.205","0.076","1.192"
"3940.000","0.21","0.078","1.183"
"3970.000","0.215","0.08","1.173"
"3990.000","0.215","0.084","1.168"
"4020.000","0.215","0.09","1.161"
"4040.000","0.215","0.098","1.156"
"4070.000","0.215","0.103","1.152"
"4100.000","0.22","0.107","1.144"
"4130.000","0.228","0.109","1.135"
"4150.000","0.231","0.113","1.132"
"4180.000","0.235","0.118","1.128"
"4210.000","0.24","0.123","1.124"
"4240.000","0.244","0.127","1.121"
"4260.000","0.247","0.129","1.12"
"4290.000","0.252","0.133","1.119"
"4310.000","0.258","0.132","1.118"
"4340.000","0.262","0.131","1.117"
"4370.000","0.264","0.13","1.113"
"4390.000","0.265","0.13","1.109"
"4420.000","0.266","0.129","1.108"
"4450.000","0.265","0.128","1.106"
"4480.000","0.264","0.126","1.103"
"4510.000","0.261","0.124","1.101"
"4530.000","0.26","0.123","1.101"
"4560.000","0.257","0.122","1.098"
"4580.000","0.254","0.12","1.096"
"4610.000","0.252","0.117","1.095"
"4640.000","0.25","0.114","1.093"
"4660.000","0.247","0.109","1.091"
"4690.000","0.246","0.106","1.09"
"4720.000","0.243","0.099","1.089"
"4750.000","0.239","0.091","1.089"
"4770.000","0.233","0.081","1.089"
"4800.000","0.229","0.074","1.09"
"4830.000","0.225","0.063","1.088"
"4850.000","0.221","0.051","1.086"
"4880.000","0.218","0.042","1.083"
"4910.000","0.215","0.03","1.078"
"4930.000","0.209","0.011","1.077"
"4960.000","0.206","-0.001","1.076"
"4990.000","0.198","-0.021","1.076"
"5010.000","0.19","-0.042","1.076"
"5040.000","0.18","-0.062","1.077"
"5070.000","0.173","-0.074","1.077"
"5100.000","0.16","-0.088","1.072"
"5120.000","0.148","-0.102","1.064"
"5150.000","0.139","-0.111","1.055"
"5180.000","0.127","-0.124","1.043"
"5200.000","0.115","-0.136","1.031"
"5230.000","0.108","-0.144","1.022"
"5260.000","0.1","-0.154","1.009"
"5280.000","0.093","-0.164","0.996"
"5310.000","0.089","-0.174","0.982"
"5340.000","0.086","-0.182","0.973"
"5370.000","0.082","-0.196","0.961"
"5390.000","0.079","-0.209","0.951"
"5420.000","0.077","-0.218","0.946"
"5450.000","0.074","-0.23","0.938"
"5470.000","0.071","-0.242","0.931"
"5500.000","0.068","-0.25","0.927"
"5530.000","0.06","-0.258","0.918"
"5550.000","0.052","-0.266","0.909"
"5580.000","0.042","-0.273","0.9"
"5610.000","0.037","-0.28","0.893"
"5630.000","0.029","-0.29","0.882"
"5660.000","0.022","-0.301","0.871"
"5690.000","0.017","-0.309","0.864"
"5720.000","0.011","-0.321","0.855"
"5740.000","0.005","-0.332","0.846"
"5770.000","-0.001","-0.336","0.842"
"5800.000","-0.008","-0.343","0.836"
"5820.000","-0.017","-0.346","0.834"
"5850.000","-0.028","-0.349","0.832"
"5880.000","-0.036","-0.35","0.831"
"5900.000","-0.049","-0.353","0.829"
"5930.000","-0.063","-0.355","0.825"
"5960.000","-0.072","-0.357","0.822"
"5990.000","-0.083","-0.363","0.812"
"6010.000","-0.093","-0.369","0.801"
"6040.000","-0.097","-0.375","0.793"
"6070.000","-0.103","-0.385","0.783"
"6090.000","-0.106","-0.397","0.777"
"6120.000","-0.105","-0.41","0.776"
"6150.000","-0.103","-0.42","0.776"
"6170.000","-0.101","-0.438","0.78"
"6200.000","-0.101","-0.457","0.789"
"6230.000","-0.1","-0.468","0.795"
"6260.000","-0.098","-0.484","0.806"
"6280.000","-0.1","-0.492","0.816"
"6310.000","-0.102","-0.496","0.822"
"6340.000","-0.105","-0.498","0.832"
"6360.000","-0.107","-0.493","0.843"
"6390.000","-0.111","-0.485","0.853"
"6420.000","-0.114","-0.48","0.86"
"6440.000","-0.121","-0.472","0.868"
"6470.000","-0.129","-0.465","0.876"
"6500.000","-0.135","-0.462","0.88"
"6530.000","-0.142","-0.458","0.886"
"6550.000","-0.147","-0.452","0.889"
"6580.000","-0.15","-0.449","0.892"
"6610.000","-0.153","-0.439","0.894"
"6630.000","-0.155","-0.427","0.896"
"6660.000","-0.156","-0.411","0.899"
"6690.000","-0.157","-0.401","0.9"
"6710.000","-0.156","-0.384","0.907"
"6740.000","-0.155","-0.366","0.916"
"6770.000","-0.155","-0.352","0.924"
"6800.000","-0.154","-0.331","0.937"
"6820.000","-0.15","-0.313","0.951"
"6850.000","-0.147","-0.302","0.959"
"6870.000","-0.145","-0.29","0.969"
"6900.000","-0.144","-0.279","0.977"
"6930.000","-0.145","-0.268","0.981"
"6960.000","-0.146","-0.259","0.983"
"6980.000","-0.15","-0.245","0.986"
"7010.000","-0.155","-0.231","0.988"
"7040.000","-0.158","-0.223","0.99"
"7070.000","-0.166","-0.211","0.991"
"7090.000","-0.176","-0.2","0.993"
"7120.000","-0.183","-0.192","0.992"
"7140.000","-0.193","-0.178","0.989"
"7170.000","-0.203","-0.167","0.98"
"7200.000","-0.214","-0.158","0.97"
"7230.000","-0.223","-0.155","0.963"
"7250.000","-0.235","-0.15","0.953"
"7280.000","-0.247","-0.146","0.948"
"7310.000","-0.254","-0.144","0.945"
"7340.000","-0.272","-0.131","0.945"
"7360.000","-0.293","-0.115","0.946"
"7390.000","-0.302","-0.125","0.926"
"7410.000","-0.307","-0.131","0.914"
"7440.000","-0.324","-0.132","0.898"
"7470.000","-0.342","-0.134","0.881"
"7490.000","-0.356","-0.13","0.867"
"7520.000","-0.376","-0.124","0.846"
"7550.000","-0.388","-0.121","0.83"
"7580.000","-0.396","-0.119","0.82"
"7610.000","-0.404","-0.124","0.809"
"7630.000","-0.413","-0.13","0.8"
"7660.000","-0.424","-0.141","0.793"
"7680.000","-0.431","-0.148","0.789"
"7710.000","-0.441","-0.158","0.784"
"7740.000","-0.449","-0.166","0.779"
"7760.000","-0.453","-0.169","0.776"
"7790.000","-0.459","-0.17","0.77"
"7820.000","-0.465","-0.165","0.761"
"7850.000","-0.469","-0.162","0.756"
"7880.000","-0.476","-0.16","0.749"
"7900.000","-0.483","-0.162","0.745"
"7930.000","-0.489","-0.164","0.744"
"7950.000","-0.492","-0.165","0.745"
"7980.000","-0.495","-0.165","0.746"
"8010.000","-0.496","-0.16","0.744"
"8030.000","-0.497","-0.155","0.741"
"8060.000","-0.498","-0.148","0.741"
"8090.000","-0.5","-0.142","0.743"
"8110.000","-0.502","-0.147","0.766"
"8140.000","-0.505","-0.153","0.8"
"8170.000","-0.51","-0.164","0.85"
"8200.000","-0.516","-0.177","0.898"
"8220.000","-0.517","-0.185","0.921"
"8250.000","-0.518","-0.195","0.954"
"8280.000","-0.513","-0.204","0.958"
"8300.000","-0.511","-0.21","0.961"
"8330.000","-0.504","-0.211","0.954"
"8360.000","-0.497","-0.212","0.945"
"8380.000","-0.492","-0.207","0.938"
"8410.000","-0.486","-0.2","0.93"
"8440.000","-0.482","-0.192","0.923"
"8470.000","-0.479","-0.186","0.918"
"8490.000","-0.479","-0.184","0.916"
"8520.000","-0.479","-0.179","0.91"
"8550.000","-0.48","-0.175","0.9"
"8570.000","-0.483","-0.172","0.886"
"8600.000","-0.49","-0.168","0.856"
"8630.000","-0.497","-0.167","0.823"
"8650.000","-0.504","-0.169","0.8"
"8680.000","-0.515","-0.173","0.771"
"8710.000","-0.526","-0.179","0.75"
"8730.000","-0.541","-0.181","0.731"
"8760.000","-0.551","-0.182","0.72"
"8790.000","-0.567","-0.183","0.701"
"8820.000","-0.583","-0.185","0.682"
"8840.000","-0.593","-0.188","0.664"
"8870.000","-0.606","-0.195","0.638"
"8900.000","-0.619","-0.204","0.611"
"8920.000","-0.626","-0.211","0.593"
"8950.000","-0.638","-0.218","0.567"
"8980.000","-0.652","-0.222","0.542"
"9000.000","-0.666","-0.221","0.518"
"9030.000","-0.675","-0.221","0.503"
"9060.000","-0.694","-0.219","0.479"
"9090.000","-0.712","-0.215","0.456"
"9110.000","-0.724","-0.216","0.439"
"9140.000","-0.743","-0.217","0.415"
"9170.000","-0.756","-0.227","0.381"
"9190.000","-0.764","-0.234","0.359"
"9220.000","-0.776","-0.244","0.332"
"9250.000","-0.79","-0.253","0.309"
"9270.000","-0.805","-0.26","0.292"
"9300.000","-0.815","-0.265","0.281"
"9330.000","-0.829","-0.274","0.266"
"9360.000","-0.841","-0.283","0.253"
"9380.000","-0.847","-0.292","0.247"
"9410.000","-0.856","-0.304","0.239"
"9440.000","-0.865","-0.317","0.235"
"9460.000","-0.87","-0.329","0.231"
"9490.000","-0.873","-0.337","0.229"
"9520.000","-0.876","-0.347","0.223"
"9540.000","-0.877","-0.353","0.215"
"9570.000","-0.878","-0.356","0.209"
"9600.000","-0.877","-0.359","0.198"
"9630.000","-0.878","-0.361","0.185"
"9650.000","-0.878","-0.362","0.176"
"9680.000","-0.878","-0.362","0.165"
"9710.000","-0.876","-0.362","0.155"
"9730.000","-0.87","-0.357","0.152"
"9760.000","-0.866","-0.353","0.151"
"9790.000","-0.857","-0.341","0.158"
"9810.000","-0.847","-0.326","0.171"
"9840.000","-0.836","-0.315","0.187"
"9870.000","-0.821","-0.299","0.21"
"9900.000","-0.799","-0.284","0.238"
"9920.000","-0.786","-0.273","0.255"
"9950.000","-0.76","-0.258","0.281"
"9980.000","-0.735","-0.243","0.307"
"10000.000","-0.707","-0.228","0.331"
"10030.000","-0.689","-0.217","0.346"
"10060.000","-0.66","-0.193","0.371"
"10080.000","-0.632","-0.169","0.396"
"10110.000","-0.613","-0.152","0.411"
"10140.000","-0.583","-0.127","0.433"
"10170.000","-0.552","-0.103","0.452"
"10190.000","-0.521","-0.077","0.467"
"10220.000","-0.501","-0.059","0.476"
"10240.000","-0.472","-0.031","0.489"
"10270.000","-0.444","0","0.502"
"10300.000","-0.425","0.022","0.509"
"10330.000","-0.397","0.056","0.518"
"10350.000","-0.367","0.094","0.524"
"10380.000","-0.346","0.119","0.526"
"10410.000","-0.317","0.157","0.527"
"10440.000","-0.29","0.195","0.525"
"10460.000","-0.261","0.232","0.527"
"10490.000","-0.243","0.256","0.529"
"10510.000","-0.214","0.288","0.535"
"10540.000","-0.187","0.316","0.542"
"10570.000","-0.171","0.332","0.55"
"10600.000","-0.148","0.355","0.56"
"10620.000","-0.131","0.377","0.569"
"10650.000","-0.12","0.391","0.574"
"10680.000","-0.106","0.413","0.574"
"10710.000","-0.094","0.435","0.573"
"10730.000","-0.084","0.461","0.565"
"10760.000","-0.078","0.478","0.56"
"10780.000","-0.069","0.503","0.551"
"10810.000","-0.059","0.527","0.542"
"10840.000","-0.052","0.542","0.537"
"10860.000","-0.043","0.564","0.528"
"10890.000","-0.033","0.587","0.518"
"10920.000","-0.027","0.601","0.511"
"10950.000","-0.018","0.623","0.499"
"10980.000","-0.009","0.644","0.485"
"11000.000","0","0.665","0.469"
"11030.000","0.006","0.678","0.458"
"11050.000","0.015","0.697","0.441"
"11080.000","0.024","0.715","0.426"
"11110.000","0.03","0.727","0.416"
"11130.000","0.038","0.744","0.405"
"11160.000","0.046","0.76","0.394"
"11190.000","0.052","0.769","0.388"
"11220.000","0.062","0.781","0.379"
"11240.000","0.071","0.794","0.369"
"11270.000","0.08","0.807","0.358"
"11300.000","0.086","0.817","0.35"
"11320.000","0.096","0.831","0.338"
"11350.000","0.106","0.845","0.327"
"11380.000","0.113","0.854","0.321"
"11400.000","0.125","0.864","0.314"
"11430.000","0.136","0.873","0.309"
"11450.000","0.147","0.876","0.309"
"11480.000","0.163","0.882","0.308"
"11510.000","0.179","0.888","0.308"
"11530.000","0.195","0.895","0.308"
"11560.000","0.204","0.9","0.308"
"11580.000","0.217","0.907","0.307"
"11610.000","0.229","0.913","0.306"
"11640.000","0.237","0.917","0.306"
"11660.000","0.25","0.919","0.307"
"11690.000","0.265","0.921","0.31"
"11720.000","0.276","0.922","0.313"
"11740.000","0.293","0.924","0.316"
"11770.000","0.311","0.927","0.314"
"11800.000","0.33","0.929","0.316"
"11820.000","0.343","0.93","0.321"
"11850.000","0.362","0.93","0.328"
"11870.000","0.381","0.93","0.334"
"11900.000","0.392","0.93","0.339"
"11930.000","0.405","0.931","0.348"
"11950.000","0.417","0.932","0.357"
"11980.000","0.429","0.932","0.366"
"12010.000","0.436","0.931","0.372"
"12030.000","0.446","0.932","0.379"
"12060.000","0.453","0.922","0.386"
"12080.000","0.457","0.913","0.391"
"12110.000","0.46","0.897","0.397"
"12140.000","0.462","0.88","0.403"
"12170.000","0.461","0.872","0.407"
"12190.000","0.46","0.86","0.413"
"12220.000","0.461","0.849","0.42"
"12240.000","0.462","0.839","0.427"
"12270.000","0.465","0.833","0.434"
"12300.000","0.468","0.825","0.443"
"12320.000","0.466","0.815","0.462"
"12350.000","0.465","0.809","0.474"
"12370.000","0.461","0.797","0.5"
"12400.000","0.456","0.786","0.522"
"12430.000","0.452","0.777","0.533"
"12450.000","0.447","0.762","0.549"
"12480.000","0.437","0.753","0.565"
"12500.000","0.43","0.748","0.576"
"12530.000","0.418","0.737","0.591"
"12560.000","0.407","0.725","0.604"
"12580.000","0.396","0.71","0.614"
"12610.000","0.387","0.7","0.621"
"12640.000","0.375","0.684","0.632"
"12660.000","0.362","0.666","0.647"
"12690.000","0.353","0.652","0.659"
"12720.000","0.338","0.631","0.677"
"12740.000","0.323","0.61","0.696"
"12770.000","0.312","0.595","0.71"
"12790.000","0.295","0.573","0.733"
"12820.000","0.278","0.549","0.75"
"12850.000","0.26","0.526","0.764"
"12870.000","0.248","0.51","0.771"
"12900.000","0.23","0.488","0.78"
"12930.000","0.212","0.465","0.784"
"12950.000","0.2","0.45","0.784"
"12980.000","0.183","0.428","0.783"
"13000.000","0.167","0.406","0.782"
"13030.000","0.157","0.39","0.779"
"13060.000","0.143","0.367","0.775"
"13090.000","0.128","0.344","0.768"
"13110.000","0.115","0.323","0.763"
"13140.000","0.105","0.306","0.761"
"13160.000","0.092","0.282","0.757"
"13190.000","0.079","0.256","0.754"
"13220.000","0.071","0.239","0.753"
"13240.000","0.059","0.211","0.752"
"13270.000","0.049","0.186","0.751"
"13290.000","0.04","0.159","0.748"
"13320.000","0.034","0.141","0.744"
"13350.000","0.026","0.115","0.736"
"13370.000","0.018","0.091","0.729"
"13400.000","0.012","0.075","0.725"
"13420.000","0.004","0.052","0.719"
"13450.000","-0.004","0.028","0.714"
"13480.000","-0.009","0.013","0.712"
"13500.000","-0.015","-0.009","0.711"
"13530.000","-0.021","-0.03","0.71"
"13560.000","-0.028","-0.05","0.709"
"13580.000","-0.031","-0.063","0.709"
"13610.000","-0.037","-0.082","0.71"
"13640.000","-0.042","-0.1","0.711"
"13660.000","-0.046","-0.111","0.712"
"13690.000","-0.052","-0.124","0.712"
"13710.000","-0.059","-0.135","0.71"
"13740.000","-0.063","-0.142","0.707"
"13770.000","-0.07","-0.151","0.702"
"13790.000","-0.076","-0.157","0.7"
"13820.000","-0.081","-0.163","0.698"
"13850.000","-0.082","-0.167","0.698"
"13870.000","-0.082","-0.173","0.697"
"13900.000","-0.079","-0.181","0.705"
"13920.000","-0.076","-0.187","0.71"
"13950.000","-0.069","-0.196","0.724"
"13980.000","-0.063","-0.204","0.737"
"14010.000","-0.058","-0.206","0.745"
"14030.000","-0.052","-0.209","0.755"
"14060.000","-0.047","-0.205","0.761"
"14080.000","-0.042","-0.201","0.767"
"14110.000","-0.039","-0.2","0.771"
"14140.000","-0.032","-0.198","0.777"
"14160.000","-0.023","-0.197","0.784"
"14190.000","-0.017","-0.196","0.791"
"14210.000","-0.004","-0.197","0.802"
"14240.000","0.009","-0.198","0.814"
"14270.000","0.025","-0.201","0.828"
"14290.000","0.036","-0.2","0.838"
"14320.000","0.052","-0.198","0.852"
"14340.000","0.07","-0.194","0.866"
"14370.000","0.082","-0.191","0.875"
"14400.000","0.102","-0.187","0.889"
"14420.000","0.122","-0.184","0.901"
"14450.000","0.134","-0.182","0.908"
"14480.000","0.152","-0.18","0.918"
"14500.000","0.167","-0.179","0.926"
"14530.000","0.182","-0.178","0.933"
"14560.000","0.191","-0.177","0.935"
"14580.000","0.205","-0.175","0.939"
"14610.000","0.216","-0.171","0.939"
"14630.000","0.223","-0.169","0.939"
"14660.000","0.233","-0.164","0.935"
"14690.000","0.243","-0.16","0.932"
"14710.000","0.249","-0.155","0.928"
"14740.000","0.258","-0.148","0.922"
"14770.000","0.267","-0.14","0.914"
"14790.000","0.275","-0.125","0.884"
"14820.000","0.281","-0.105","0.834"
"14840.000","0.288","-0.077","0.76"
"14870.000","0.292","-0.071","0.682"
"14900.000","0.302","-0.073","0.659"
"14930.000","0.321","-0.079","0.664"
"14950.000","0.344","-0.087","0.672"
"14980.000","0.357","-0.092","0.682"
"15000.000","0.368","-0.094","0.689"
"15030.000","0.373","-0.092","0.692"
"15060.000","0.378","-0.089","0.697"
"15080.000","0.382","-0.087","0.701"
"15110.000","0.383","-0.086","0.704"
"15130.000","0.382","-0.083","0.706"
"15160.000","0.382","-0.08","0.712"
"15190.000","0.381","-0.078","0.716"
"15210.000","0.381","-0.075","0.724"
"15240.000","0.381","-0.071","0.733"
"15260.000","0.381","-0.068","0.741"
"15290.000","0.381","-0.065","0.746"
"15320.000","0.38","-0.063","0.756"
"15340.000","0.378","-0.06","0.767"
"15370.000","0.378","-0.058","0.773"
"15400.000","0.378","-0.055","0.782"
"15420.000","0.378","-0.053","0.79"
"15450.000","0.377","-0.052","0.794"
"15480.000","0.377","-0.05","0.801"
"15500.000","0.377","-0.048","0.808"
"15530.000","0.377","-0.046","0.813"
"15550.000","0.378","-0.044","0.819"
"15580.000","0.378","-0.042","0.825"
"15610.000","0.377","-0.039","0.831"
"15630.000","0.377","-0.037","0.835"
"15660.000","0.377","-0.035","0.84"
"15690.000","0.376","-0.033","0.845"
"15710.000","0.376","-0.031","0.849"
"15740.000","0.375","-0.03","0.854"
"15760.000","0.375","-0.028","0.858"
"15790.000","0.375","-0.026","0.862"
"15820.000","0.375","-0.025","0.865"
"15850.000","0.374","-0.023","0.869"
"15870.000","0.374","-0.021","0.872"
"15900.000","0.374","-0.021","0.875"
"15920.000","0.373","-0.02","0.877"
"15950.000","0.372","-0.019","0.879"
"15980.000","0.372","-0.017","0.88"
"16000.000","0.373","-0.014","0.883"
"16030.000","0.373","-0.01","0.886"
"16050.000","0.372","-0.007","0.89"
"16080.000","0.368","-0.004","0.893"
"16110.000","0.362","0","0.896"
"16130.000","0.358","0.004","0.898"
"16160.000","0.356","0.006","0.899"
"16180.000","0.352","0.007","0.9"
"16210.000","0.347","0.008","0.902"
"16240.000","0.345","0.009","0.904"
"16260.000","0.343","0.01","0.907"
"16290.000","0.343","0.013","0.909"
"16320.000","0.344","0.015","0.91"
"16340.000","0.343","0.016","0.912"
"16370.000","0.341","0.018","0.913"
"16400.000","0.34","0.015","0.915"
"16420.000","0.34","0.013","0.917"
"16450.000","0.337","0.011","0.918"
"16470.000","0.334","0.01","0.919"
"16500.000","0.331","0.01","0.919"
"16530.000","0.328","0.011","0.921"
"16550.000","0.325","0.01","0.927"
"16580.000","0.322","0.009","0.935"
"16610.000","0.32","0.007","0.942"
"16630.000","0.315","0.008","0.945"
"16660.000","0.311","0.014","0.936"
"16680.000","0.309","0.019","0.93"
"16710.000","0.308","0.026","0.92"
"16740.000","0.306","0.031","0.925"
"16770.000","0.305","0.033","0.937"
"16790.000","0.301","0.035","0.947"
"16820.000","0.293","0.036","0.963"
"16840.000","0.286","0.035","0.974"
"16870.000","0.281","0.034","0.979"
"16900.000","0.275","0.034","0.983"
"16920.000","0.268","0.034","0.986"
"16950.000","0.265","0.034","0.987"
"16970.000","0.26","0.033","0.989"
"17000.000","0.254","0.033","0.989"
"17030.000","0.248","0.034","0.99"
"17050.000","0.245","0.034","0.99"
"17080.000","0.241","0.035","0.99"
"17100.000","0.238","0.034","0.99"
"17130.000","0.236","0.034","0.99"
"17160.000","0.229","0.031","0.997"
"17180.000","0.224","0.028","1.002"
"17210.000","0.223","0.027","1.004"
"17240.000","0.222","0.026","1.005"
"17260.000","0.224","0.025","1.005"
"17290.000","0.227","0.025","1.004"
"17310.000","0.23","0.025","1.003"
"17340.000","0.233","0.024","1.001"
"17370.000","0.236","0.023","1.001"
"17390.000","0.238","0.023","1.001"
"17420.000","0.24","0.023","1"
"17450.000","0.242","0.023","1"
"17470.000","0.243","0.022","1"
"17500.000","0.245","0.022","0.999"
"17530.000","0.246","0.021","0.999"
"17550.000","0.248","0.021","0.998"
"17580.000","0.249","0.021","0.997"
"17600.000","0.25","0.021","0.996"
"17630.000","0.251","0.02","0.996"
"17660.000","0.252","0.02","0.995"
"17690.000","0.253","0.02","0.995"
"17710.000","0.254","0.019","0.994"
"17740.000","0.256","0.019","0.994"
"17760.000","0.256","0.019","0.993"
"17790.000","0.257","0.018","0.993"
"17820.000","0.258","0.018","0.992"
"17840.000","0.258","0.017","0.992"
"17870.000","0.259","0.017","0.991"
"17890.000","0.26","0.017","0.991"
"17920.000","0.26","0.017","0.99"
"17950.000","0.261","0.016","0.99"
"17970.000","0.262","0.016","0.989"
"18000.000","0.262","0.016","0.989"
"18020.000","0.262","0.016","0.988"
"18050.000","0.262","0.016","0.988"
"18080.000","0.263","0.016","0.987"
"18100.000","0.263","0.016","0.987"
"18130.000","0.263","0.016","0.986"
"18160.000","0.264","0.016","0.985"
"18180.000","0.264","0.015","0.985"
"18210.000","0.265","0.015","0.985"
"18230.000","0.266","0.015","0.984"
"18260.000","0.267","0.015","0.984"
"18290.000","0.267","0.015","0.984"
"18310.000","0.268","0.015","0.985"
"18340.000","0.268","0.015","0.985"
"18370.000","0.268","0.014","0.985"
"18390.000","0.268","0.014","0.985"
"18420.000","0.269","0.014","0.985"
"18440.000","0.269","0.014","0.984"
"18470.000","0.27","0.014","0.984"
"18500.000","0.27","0.014","0.984"
"18520.000","0.27","0.014","0.984"
"18550.000","0.27","0.014","0.983"
"18580.000","0.271","0.014","0.984"
"18610.000","0.271","0.014","0.984"
"18630.000","0.271","0.015","0.984"
"18660.000","0.271","0.015","0.984"
"18680.000","0.271","0.015","0.983"
"18710.000","0.271","0.015","0.983"
"18740.000","0.271","0.015","0.983"
"18760.000","0.271","0.014","0.983"
"18790.000","0.272","0.014","0.983"
"18810.000","0.272","0.013","0.983"
"18840.000","0.272","0.013","0.983"
"18870.000","0.272","0.013","0.983"
"18890.000","0.272","0.013","0.983"
"18920.000","0.272","0.012","0.983"
"18940.000","0.272","0.012","0.983"
"18970.000","0.272","0.012","0.983"
"19000.000","0.272","0.011","0.983"
"19020.000","0.272","0.011","0.983"
"19050.000","0.273","0.011","0.983"
"19080.000","0.273","0.011","0.983"
"19100.000","0.273","0.011","0.984"
"19130.000","0.273","0.011","0.984"
"19150.000","0.273","0.011","0.985"
"19180.000","0.273","0.011","0.985"
"19210.000","0.273","0.011","0.986"
"19230.000","0.273","0.011","0.985"
"19260.000","0.273","0.011","0.985"
"19290.000","0.273","0.01","0.985"
"19310.000","0.274","0.01","0.985"
"19340.000","0.273","0.01","0.984"
"19360.000","0.273","0.01","0.983"
"19390.000","0.273","0.01","0.982"
"19420.000","0.273","0.01","0.982"
"19440.000","0.273","0.01","0.982"
"19470.000","0.273","0.01","0.982"
"19500.000","0.273","0.01","0.982"
"19520.000","0.273","0.01","0.982"
"19550.000","0.273","0.01","0.982"
"19570.000","0.273","0.01","0.982"
"19600.000","0.274","0.01","0.983"
"19630.000","0.274","0.01","0.983"
"19660.000","0.274","0.01","0.983"
"19680.000","0.274","0.01","0.983"
"19710.000","0.275","0.01","0.983"
"19730.000","0.275","0.01","0.982"
"19760.000","0.275","0.009","0.982"
"19790.000","0.275","0.009","0.982"
"19810.000","0.275","0.009","0.982"
"19840.000","0.275","0.009","0.981"
"19860.000","0.276","0.008","0.981"
"19890.000","0.277","0.008","0.98"
"19920.000","0.277","0.008","0.98"
"19940.000","0.277","0.008","0.981"
"19970.000","0.278","0.008","0.981"
"20000.000","0.278","0.008","0.981"
"20020.000","0.278","0.008","0.981"
"20050.000","0.278","0.008","0.981"
"20070.000","0.278","0.008","0.981"
"20100.000","0.278","0.008","0.981"
"20130.000","0.278","0.008","0.981"
"20150.000","0.277","0.008","0.981"
"20180.000","0.276","0.009","0.981"
"20210.000","0.276","0.009","0.981"
"20230.000","0.276","0.009","0.981"
"20260.000","0.275","0.01","0.981"
"20280.000","0.275","0.01","0.98"
"20310.000","0.276","0.01","0.981"
"20340.000","0.276","0.01","0.981"
"20360.000","0.276","0.01","0.98"
"20390.000","0.276","0.01","0.98"
"20420.000","0.277","0.01","0.98"
"20440.000","0.277","0.009","0.98"
"20470.000","0.277","0.009","0.98"
"20490.000","0.277","0.009","0.98"
"20520.000","0.277","0.01","0.981"
"20550.000","0.277","0.01","0.981"
"20580.000","0.276","0.01","0.981"
"20600.000","0.276","0.01","0.981"
"20630.000","0.276","0.01","0.981"
"20650.000","0.275","0.01","0.982"
"20680.000","0.275","0.011","0.982"
"20710.000","0.275","0.011","0.982"
"20730.000","0.275","0.011","0.982"
"20760.000","0.275","0.011","0.981"
"20780.000","0.275","0.011","0.981"
"20810.000","0.274","0.011","0.981"
"20840.000","0.274","0.011","0.982"
"20860.000","0.274","0.01","0.981"
"20890.000","0.274","0.01","0.981"
"20920.000","0.274","0.01","0.981"
"20940.000","0.274","0.01","0.98"
"20970.000","0.275","0.01","0.98"
"20990.000","0.275","0.01","0.98"
"21020.000","0.275","0.01","0.979"
"21050.000","0.275","0.01","0.979"
"21070.000","0.275","0.01","0.979"
"21100.000","0.275","0.01","0.979"
"21130.000","0.275","0.01","0.979"
"21150.000","0.275","0.01","0.979"
"21180.000","0.276","0.01","0.98"
"21200.000","0.276","0.009","0.98"
"21230.000","0.276","0.009","0.981"
"21260.000","0.276","0.009","0.981"
"21280.000","0.276","0.009","0.981"
"21310.000","0.276","0.008","0.981"
"21340.000","0.276","0.008","0.981"
"21360.000","0.276","0.008","0.981"
"21390.000","0.277","0.009","0.981"
"21410.000","0.277","0.009","0.981"
"21440.000","0.277","0.009","0.982"
"21470.000","0.276","0.009","0.982"
"21500.000","0.276","0.009","0.982"
"21520.000","0.276","0.01","0.982"
"21550.000","0.277","0.009","0.982"
"21570.000","0.276","0.009","0.982"
"21600.000","0.276","0.009","0.982"
